{
	"master": {
		"slaves": [
			
			{
				"host": "172.20.1.41",
				"port": 502,
				"type": "tcp",
				"method": "socket",
				"timeout": 500,
				"byteOrder": "BIG",
				"wordOrder": "BIG",
				"retries": true,
				"retryOnEmpty": true,
				"retryOnInvalid": true,
				"pollPeriod": 60000,
				"unitId": 1,
				"deviceName": "Yabad1MW_MTR1",
				"sendDataOnlyOnChange": false,
				"connectAttemptTimeMs": 5000,
				"connectAttemptCount": 7,
				"waitAfterFailedAttemptsMs": 100000,
				"timeseries": [
					{
						"tag": "VL1N",
						"type": "32float",
						"functionCode": 4,
						"objectsCount": 2,
						"address": 19000,
						"multiplier": 1.0
					},
					{
						"tag": "VL2N",
						"type": "32float",
						"functionCode": 4,
						"objectsCount": 2,
						"address": 19002,
						"multiplier": 1.0
					},
					{
						"tag": "VL3N",
						"type": "32float",
						"functionCode": 4,
						"objectsCount": 2,
						"address": 19004,
						"multiplier": 1.0
					},
					{
						"tag": "VL1L2",
						"type": "32float",
						"functionCode": 4,
						"objectsCount": 2,
						"address": 19006,
						"multiplier": 1.0
					},
					{
						"tag": "VL2L3",
						"type": "32float",
						"functionCode": 4,
						"objectsCount": 2,
						"address": 19008,
						"multiplier": 1.0
					},
					{
						"tag": "VL3L1",
						"type": "32float",
						"functionCode": 4,
						"objectsCount": 2,
						"address": 19010,
						"multiplier": 1.0
					},
					{
						"tag": "iL1",
						"type": "32float",
						"functionCode": 4,
						"objectsCount": 2,
						"address": 19012,
						"multiplier": 1.0
					},
					{
						"tag": "iL2",
						"type": "32float",
						"functionCode": 4,
						"objectsCount": 2,
						"address": 19014,
						"multiplier": 1.0
					},
					{
						"tag": "iL3",
						"type": "32float",
						"functionCode": 4,
						"objectsCount": 2,
						"address": 19016,
						"multiplier": 1.0
					},
					{
						"tag": "iN",
						"type": "32float",
						"functionCode": 4,
						"objectsCount": 2,
						"address": 19018,
						"multiplier": 1.0
					},
					{
						"tag": "PL1",
						"type": "32float",
						"functionCode": 4,
						"objectsCount": 2,
						"address": 19020,
						"multiplier": 0.001
					},
					{
						"tag": "PL2",
						"type": "32float",
						"functionCode": 4,
						"objectsCount": 2,
						"address": 19022,
						"multiplier": 0.001
					},
					{
						"tag": "PL3",
						"type": "32float",
						"functionCode": 4,
						"objectsCount": 2,
						"address": 19024,
						"multiplier": 0.001
					},
					{
						"tag": "P_Total",
						"type": "32float",
						"functionCode": 4,
						"objectsCount": 2,
						"address": 19026,
						"multiplier": 0.001
					},
					{
						"tag": "SL1",
						"type": "32float",
						"functionCode": 4,
						"objectsCount": 2,
						"address": 19028,
						"multiplier": 0.001
					},
					{
						"tag": "SL2",
						"type": "32float",
						"functionCode": 4,
						"objectsCount": 2,
						"address": 19030,
						"multiplier": 0.001
					},
					{
						"tag": "SL3",
						"type": "32float",
						"functionCode": 4,
						"objectsCount": 2,
						"address": 19032,
						"multiplier": 0.001
					},
					{
						"tag": "S_Total",
						"type": "32float",
						"functionCode": 4,
						"objectsCount": 2,
						"address": 19034,
						"multiplier": 0.001
					},
					{
						"tag": "QL1",
						"type": "32float",
						"functionCode": 4,
						"objectsCount": 2,
						"address": 19036,
						"multiplier": 0.001
					},
					{
						"tag": "QL2",
						"type": "32float",
						"functionCode": 4,
						"objectsCount": 2,
						"address": 19038,
						"multiplier": 0.001
					},
					{
						"tag": "QL3",
						"type": "32float",
						"functionCode": 4,
						"objectsCount": 2,
						"address": 19040,
						"multiplier": 0.001
					},
					{
						"tag": "Q_Total",
						"type": "32float",
						"functionCode": 4,
						"objectsCount": 2,
						"address": 19042,
						"multiplier": 0.001
					},
					{
						"tag": "PF1",
						"type": "32float",
						"functionCode": 4,
						"objectsCount": 2,
						"address": 19044,
						"multiplier": 1.0
					},
					{
						"tag": "PF2",
						"type": "32float",
						"functionCode": 4,
						"objectsCount": 2,
						"address": 19046,
						"multiplier": 1.0
					},
					{
						"tag": "PF3",
						"type": "32float",
						"functionCode": 4,
						"objectsCount": 2,
						"address": 19048,
						"multiplier": 1.0
					},
					{
						"tag": "Freq",
						"type": "32float",
						"functionCode": 4,
						"objectsCount": 2,
						"address": 19050,
						"multiplier": 1.0
					},
					{
						"tag": "EL1",
						"type": "32float",
						"functionCode": 4,
						"objectsCount": 2,
						"address": 19054,
						"multiplier": 0.001
					},
					{
						"tag": "EL2",
						"type": "32float",
						"functionCode": 4,
						"objectsCount": 2,
						"address": 19056,
						"multiplier": 0.001
					},
					{
						"tag": "EL3",
						"type": "32float",
						"functionCode": 4,
						"objectsCount": 2,
						"address": 19058,
						"multiplier": 0.001
					},
					{
						"tag": "E_Total",
						"type": "32float",
						"functionCode": 4,
						"objectsCount": 2,
						"address": 19060,
						"multiplier": 0.001
					},
					{
						"tag": "EL1_C",
						"type": "32float",
						"functionCode": 4,
						"objectsCount": 2,
						"address": 19062,
						"multiplier": 0.001
					},
					{
						"tag": "EL2_C",
						"type": "32float",
						"functionCode": 4,
						"objectsCount": 2,
						"address": 19064,
						"multiplier": 0.001
					},
					{
						"tag": "EL3_C",
						"type": "32float",
						"functionCode": 4,
						"objectsCount": 2,
						"address": 19066,
						"multiplier": 0.001
					},
					{
						"tag": "E_Total_C",
						"type": "32float",
						"functionCode": 4,
						"objectsCount": 2,
						"address": 19068,
						"multiplier": 0.001
					},
					{
						"tag": "EL1_D",
						"type": "32float",
						"functionCode": 4,
						"objectsCount": 2,
						"address": 19070,
						"multiplier": 0.001
					},
					{
						"tag": "EL2_D",
						"type": "32float",
						"functionCode": 4,
						"objectsCount": 2,
						"address": 19072,
						"multiplier": 0.001
					},
					{
						"tag": "EL3_D",
						"type": "32float",
						"functionCode": 4,
						"objectsCount": 2,
						"address": 19074,
						"multiplier": 0.001
					},
					{
						"tag": "E_Total_D",
						"type": "32float",
						"functionCode": 4,
						"objectsCount": 2,
						"address": 19076,
						"multiplier": 0.001
					},
					{
						"tag": "VAhL1",
						"type": "32float",
						"functionCode": 4,
						"objectsCount": 2,
						"address": 19078,
						"multiplier": 0.001
					},
					{
						"tag": "VAhL2",
						"type": "32float",
						"functionCode": 4,
						"objectsCount": 2,
						"address": 19080,
						"multiplier": 0.001
					},
					{
						"tag": "VAhL3",
						"type": "32float",
						"functionCode": 4,
						"objectsCount": 2,
						"address": 19082,
						"multiplier": 0.001
					},
					{
						"tag": "VAh_Total",
						"type": "32float",
						"functionCode": 4,
						"objectsCount": 2,
						"address": 19084,
						"multiplier": 0.001
					},
					{
						"tag": "VARhL1",
						"type": "32float",
						"functionCode": 4,
						"objectsCount": 2,
						"address": 19086,
						"multiplier": 0.001
					},
					{
						"tag": "VARhL2",
						"type": "32float",
						"functionCode": 4,
						"objectsCount": 2,
						"address": 19088,
						"multiplier": 0.001
					},
					{
						"tag": "VARhL3",
						"type": "32float",
						"functionCode": 4,
						"objectsCount": 2,
						"address": 19090,
						"multiplier": 0.001
					},
					{
						"tag": "VARh_Total",
						"type": "32float",
						"functionCode": 4,
						"objectsCount": 2,
						"address": 19092,
						"multiplier": 0.001
					},
					{
						"tag": "VARhL1_i",
						"type": "32float",
						"functionCode": 4,
						"objectsCount": 2,
						"address": 19094,
						"multiplier": 0.001
					},
					{
						"tag": "VARhL2_i",
						"type": "32float",
						"functionCode": 4,
						"objectsCount": 2,
						"address": 19096,
						"multiplier": 0.001
					},
					{
						"tag": "VARhL3_i",
						"type": "32float",
						"functionCode": 4,
						"objectsCount": 2,
						"address": 19098,
						"multiplier": 0.001
					},
					{
						"tag": "VARh_Total_i",
						"type": "32float",
						"functionCode": 4,
						"objectsCount": 2,
						"address": 19100,
						"multiplier": 0.001
					},
					{
						"tag": "VARhL1_c",
						"type": "32float",
						"functionCode": 4,
						"objectsCount": 2,
						"address": 19102,
						"multiplier": 0.001
					},
					{
						"tag": "VARhL2_c",
						"type": "32float",
						"functionCode": 4,
						"objectsCount": 2,
						"address": 19104,
						"multiplier": 0.001
					},
					{
						"tag": "VARhL3_c",
						"type": "32float",
						"functionCode": 4,
						"objectsCount": 2,
						"address": 19106,
						"multiplier": 0.001
					},
					{
						"tag": "VARh_Total_c",
						"type": "32float",
						"functionCode": 4,
						"objectsCount": 2,
						"address": 19108,
						"multiplier": 0.001
					},
					{
						"tag": "THDVL1",
						"type": "32float",
						"functionCode": 4,
						"objectsCount": 2,
						"address": 19110,
						"multiplier": 1.0
					},
					{
						"tag": "THDVL2",
						"type": "32float",
						"functionCode": 4,
						"objectsCount": 2,
						"address": 19112,
						"multiplier": 1.0
					},
					{
						"tag": "THDVL3",
						"type": "32float",
						"functionCode": 4,
						"objectsCount": 2,
						"address": 19114,
						"multiplier": 1.0
					},
					{
						"tag": "THDiL1",
						"type": "32float",
						"functionCode": 4,
						"objectsCount": 2,
						"address": 19116,
						"multiplier": 1.0
					},
					{
						"tag": "THDiL2",
						"type": "32float",
						"functionCode": 4,
						"objectsCount": 2,
						"address": 19118,
						"multiplier": 1.0
					},
					{
						"tag": "THDiL3",
						"type": "32float",
						"functionCode": 4,
						"objectsCount": 2,
						"address": 19120,
						"multiplier": 1.0
					},
					{
						"tag": "VLN_Avg",
						"type": "32float",
						"functionCode": 4,
						"objectsCount": 2,
						"address": 19630,
						"multiplier": 1.0
					},
					{
						"tag": "VLL_Avg",
						"type": "32float",
						"functionCode": 4,
						"objectsCount": 2,
						"address": 19632,
						"multiplier": 1.0
					},
					{
						"tag": "iL_Avg",
						"type": "32float",
						"functionCode": 4,
						"objectsCount": 2,
						"address": 19634,
						"multiplier": 1.0
					},
					{
						"tag": "PF_avg",
						"type": "32float",
						"functionCode": 4,
						"objectsCount": 2,
						"address": 19636,
						"multiplier": 1.0
					},
					{
						"tag": "TDDiL1",
						"type": "32float",
						"functionCode": 4,
						"objectsCount": 2,
						"address": 19638,
						"multiplier": 1.0
					},
					{
						"tag": "TDDiL2",
						"type": "32float",
						"functionCode": 4,
						"objectsCount": 2,
						"address": 19640,
						"multiplier": 1.0
					},
					{
						"tag": "TDDiL3",
						"type": "32float",
						"functionCode": 4,
						"objectsCount": 2,
						"address": 19642,
						"multiplier": 1.0
					},
					{
						"tag": "TDDiL4",
						"type": "32float",
						"functionCode": 4,
						"objectsCount": 2,
						"address": 19644,
						"multiplier": 1.0
					},
					{
						"tag": "iUnsymmetrical",
						"type": "32float",
						"functionCode": 4,
						"objectsCount": 2,
						"address": 19646,
						"multiplier": 1.0
					}
				]
			}
		]
	}
}
