{
  "broker": {
    "name": "Default Local Broker",
    "host": "127.0.0.1",
    "port": 1883,
    "clientId": "ThingsBoard_gateway",
    "version": 5,
    "maxMessageNumberPerWorker": 10,
    "maxNumberOfWorkers": 100,
    "security": {
      "type": "basic",
      "username": "user",
      "password": "password"
    }
  },
  "mapping": [
    {
      "topicFilter": "/sensor/data",
      "converter": {
        "type": "json",
        "deviceNameJsonExpression": "${serialNumber}",
        "deviceTypeJsonExpression": "${sensorType}",
        "timeout": 60000,
        "attributes": [
          {
            "type": "string",
            "key": "model",
            "value": "${sensorModel}"
          },
          {
            "type": "string",
            "key": "${sensorModel}",
            "value": "on"
          }
        ],
        "timeseries": [
          {
            "type": "double",
            "key": "temperature",
            "value": "${temp}"
          },
          {
            "type": "double",
            "key": "humidity",
            "value": "${hum}"
          },
          {
            "type": "string",
            "key": "combine",
            "value": "${hum}:${temp}"
          }
        ]
      }
    },
    {
      "topicFilter": "/sensor/+/data",
      "converter": {
        "type": "json",
        "deviceNameTopicExpression": "(?<=sensor\/)(.*?)(?=\/data)",
        "deviceTypeTopicExpression": "Thermometer",
        "timeout": 60000,
        "attributes": [
          {
            "type": "string",
            "key": "model",
            "value": "${sensorModel}"
          }
        ],
        "timeseries": [
          {
            "type": "double",
            "key": "temperature",
            "value": "${temp}"
          },
          {
            "type": "double",
            "key": "humidity",
            "value": "${hum}"
          }
        ]
      }
    },
    {
      "topicFilter": "/sensor/raw_data",
      "converter": {
        "type": "bytes",
        "deviceNameExpression": "[0:4]",
        "deviceTypeExpression": "default",
        "timeout": 60000,
        "attributes": [
          {
            "type": "raw",
            "key": "rawData",
            "value": "[:]"
          }
        ],
        "timeseries": [
          {
            "type": "raw",
            "key": "temp",
            "value": "[4:]"
          }
        ]
      }
    },
    {
      "topicFilter": "/custom/sensors/+",
      "converter": {
        "type": "custom",
        "extension": "CustomMqttUplinkConverter",
        "extension-config": {
          "temperatureBytes": 2,
          "humidityBytes": 2,
          "batteryLevelBytes": 1
        }
      }
    }
  ],
  "connectRequests": [
    {
      "topicFilter": "sensor/connect",
      "deviceNameJsonExpression": "${SerialNumber}"
    },
    {
      "topicFilter": "sensor/+/connect",
      "deviceNameTopicExpression": "(?<=sensor\/)(.*?)(?=\/connect)"
    }
  ],
  "disconnectRequests": [
    {
      "topicFilter": "sensor/disconnect",
      "deviceNameJsonExpression": "${SerialNumber}"
    },
    {
      "topicFilter": "sensor/+/disconnect",
      "deviceNameTopicExpression": "(?<=sensor\/)(.*?)(?=\/disconnect)"
    }
  ],
  "attributeRequests": [
    {
      "retain": false,
      "topicFilter": "v1/devices/me/attributes/request",
      "deviceNameJsonExpression": "${serialNumber}",
      "attributeNameJsonExpression": "${versionAttribute}, ${pduAttribute}",
      "topicExpression": "devices/${deviceName}/attrs",
      "valueExpression": "${attributeKey}: ${attributeValue}"
    }
  ],
  "attributeUpdates": [
    {
      "retain": true,
      "deviceNameFilter": "SmartMeter.*",
      "attributeFilter": "uploadFrequency",
      "topicExpression": "sensor/${deviceName}/${attributeKey}",
      "valueExpression": "{\"${attributeKey}\":\"${attributeValue}\"}"
    }
  ],
  "serverSideRpc": [
    {
      "deviceNameFilter": ".*",
      "methodFilter": "echo",
      "requestTopicExpression": "sensor/${deviceName}/request/${methodName}/${requestId}",
      "responseTopicExpression": "sensor/${deviceName}/response/${methodName}/${requestId}",
      "responseTimeout": 10000,
      "valueExpression": "${params}"
    },
    {
      "deviceNameFilter": ".*",
      "methodFilter": "no-reply",
      "requestTopicExpression": "sensor/${deviceName}/request/${methodName}/${requestId}",
      "valueExpression": "${params}"
    }
  ]
}
