{
  "host": "127.0.0.1",
  "port": "5000",
  "SSL": false,
  "security": {
    "cert": "~/ssl/cert.pem",
    "key": "~/ssl/key.pem"
  },
  "mapping": [
    {
      "endpoint": "/my_devices",
      "HTTPMethods": [
        "POST"
      ],
      "security": {
        "type": "anonymous"
      },
      "converter": {
        "type": "json",
        "deviceNameExpression": "${sensorName}",
        "deviceTypeExpression": "${sensorType}",
        "attributes": [
          {
            "type": "string",
            "key": "model",
            "value": "${sensorModel}"
          },
          {
            "type": "string",
            "key": "certificateNumber",
            "value": "${certificateNumber}"
          }
        ],
        "timeseries": [
          {
            "type": "double",
            "key": "temperature",
            "value": "${temp}"
          },
          {
            "type": "double",
            "key": "humidity",
            "value": "${hum}"
          }
        ]
      }
    },
    {
      "endpoint": "/anon1",
      "HTTPMethods": [
        "GET",
        "POST"
      ],
      "security": {
        "type": "anonymous"
      },
      "converter": {
        "type": "json",
        "deviceNameExpression": "Device 2",
        "deviceTypeExpression": "default",
        "attributes": [
          {
            "type": "string",
            "key": "model",
            "value": "Model2"
          }
        ],
        "timeseries": [
          {
            "type": "double",
            "key": "temperature",
            "value": "${temp}"
          },
          {
            "type": "double",
            "key": "humidity",
            "value": "${hum}"
          }
        ]
      }
    },
    {
      "endpoint": "/anon2",
      "HTTPMethods": [
        "POST"
      ],
      "security": {
        "type": "anonymous"
      },
      "converter": {
        "type": "custom",
        "deviceNameExpression": "SuperAnonDevice",
        "deviceTypeExpression": "default",
        "extension": "CustomRestUplinkConverter",
        "extension-config": [
          {
            "key": "Totaliser",
            "datatype": "float",
            "fromByte": 0,
            "toByte": 4,
            "byteorder": "big",
            "signed": true,
            "multiplier": 1
          }
        ]
      }
    }
  ],
  "attributeRequests": [
    {
      "endpoint": "/sharedAttributes",
      "type": "shared",
      "HTTPMethods": [
        "POST"
      ],
      "security": {
        "type": "anonymous"
      },
      "timeout": 10.0,
      "deviceNameExpression": "${deviceName}",
      "attributeNameExpression": "${attribute}${attribute1}"
    }
  ],
  "attributeUpdates": [
    {
      "HTTPMethod": "POST",
      "SSLVerify": false,
      "httpHeaders": {
        "CONTENT-TYPE": "application/json"
      },
      "security": {
        "type": "anonymous"
      },
      "timeout": 0.5,
      "tries": 3,
      "allowRedirects": true,
      "deviceNameFilter": "SN.*",
      "attributeFilter": ".*",
      "requestUrlExpression": "http://127.0.0.1:5001/",
      "valueExpression": "{\"deviceName\":\"${deviceName}\",\"${attributeKey}\":\"${attributeValue}\"}"
    }
  ],
  "serverSideRpc": [
    {
      "deviceNameFilter": ".*",
      "methodFilter": "echo",
      "requestUrlExpression": "http://127.0.0.1:5001/${deviceName}",
      "responseTimeout": 1,
      "HTTPMethod": "GET",
      "valueExpression": "${params}",
      "timeout": 10.0,
      "tries": 3,
      "httpHeaders": {
        "Content-Type": "application/json"
      },
      "security": {
        "type": "anonymous"
      }
    },
    {
      "deviceNameFilter": "SN.*",
      "methodFilter": "post_attributes",
      "requestUrlExpression": "http://127.0.0.1:5000/my_devices",
      "responseTimeout": 1,
      "HTTPMethod": "POST",
      "valueExpression": "{\"sensorName\":\"${deviceName}\", \"sensorModel\":\"${params.sensorModel}\", \"certificateNumber\":\"${params.certificateNumber}\", \"temp\":\"${params.temp}\", \"hum\":\"${params.hum}\"}",
      "timeout": 10.0,
      "tries": 3,
      "httpHeaders": {
        "Content-Type": "application/json"
      },
      "security": {
        "type": "anonymous"
      }
    },
    {
      "deviceNameFilter": ".*",
      "methodFilter": "no-reply",
      "requestUrlExpression": "sensor/${deviceName}/request/${methodName}/${requestId}",
      "HTTPMethod": "POST",
      "valueExpression": "${params}",
      "httpHeaders": {
        "Content-Type": "application/json"
      },
      "security": {
        "type": "anonymous"
      }
    }
  ]
}