{
  "name": "TCP Connector Example",
  "type": "TCP",
  "address": "127.0.0.1",
  "port": 50000,
  "bufferSize": 1024,
  "devices": [
    {
      "address": "127.0.0.1:50001",
      "deviceName": "Device Example",
      "deviceType": "default",
      "encoding": "utf-8",
      "telemetry": [
        {
          "key": "temp",
          "byteFrom": 0,
          "byteTo": -1
        },
        {
          "key": "hum",
          "byteFrom": 0,
          "byteTo": 2
        }
      ],
      "attributes": [
        {
          "key": "name",
          "byteFrom": 0,
          "byteTo": -1
        },
        {
          "key": "num",
          "byteFrom": 2,
          "byteTo": 4
        }
      ],
      "attributeRequests": [
        {
          "type": "shared",
          "requestExpression": "${[0:3]==atr}",
          "attributeNameExpression": "[3:]"
        }
      ],
      "attributeUpdates": [
        {
          "encoding": "utf-16",
          "attributeOnThingsBoard": "sharedName"
        }
      ],
      "serverSideRpc": [
        {
          "methodRPC": "rpcMethod1",
          "withResponse": true,
          "methodProcessing": "write",
          "encoding": "utf-8"
        }
      ]
    }
  ]
}
